start,tag,gate_suggest,face_mae,chest_mae,fabric_mae,garment_mae,vol,sbs,out
6a985abf_8affeb35a029f7d5.png,phase0_6a985abf_8affeb35a029f7d,hard,0.008,0.0269,0.0226,0.0,0.0,tmp_test/keep_outfit/review_local_phase0_6a985abf_8affeb35a029f7d/saree_sbs.png,tmp_test/keep_outfit/review_local_phase0_6a985abf_8affeb35a029f7d/saree_out.png
6a985ed6_fba78c162559ae59.png,phase0_6a985ed6_fba78c162559ae5,hard,0.0135,0.0166,0.0153,0.0002,0.0,tmp_test/keep_outfit/review_local_phase0_6a985ed6_fba78c162559ae5/saree_sbs.png,tmp_test/keep_outfit/review_local_phase0_6a985ed6_fba78c162559ae5/saree_out.png
6a985eff_7e8277525a0ea062.png,phase0_6a985eff_7e8277525a0ea06,hard,0.0299,0.011,0.0193,0.0,0.0,tmp_test/keep_outfit/review_local_phase0_6a985eff_7e8277525a0ea06/saree_sbs.png,tmp_test/keep_outfit/review_local_phase0_6a985eff_7e8277525a0ea06/saree_out.png
6a985f15_234ee2c71ca25580.png,phase0_6a985f15_234ee2c71ca2558,hard,0.0278,0.0042,0.0074,0.0,0.0,tmp_test/keep_outfit/review_local_phase0_6a985f15_234ee2c71ca2558/saree_sbs.png,tmp_test/keep_outfit/review_local_phase0_6a985f15_234ee2c71ca2558/saree_out.png
6a985f28_f4e7cd9f23146fca.png,phase0_6a985f28_f4e7cd9f23146fc,hard,0.0134,0.0086,0.0121,0.0,0.0,tmp_test/keep_outfit/review_local_phase0_6a985f28_f4e7cd9f23146fc/saree_sbs.png,tmp_test/keep_outfit/review_local_phase0_6a985f28_f4e7cd9f23146fc/saree_out.png
6a985f3f_0c3fbb8c88d038b4.png,phase0_6a985f3f_0c3fbb8c88d038b,hard,0.04,0.0053,0.0075,0.0,0.0,tmp_test/keep_outfit/review_local_phase0_6a985f3f_0c3fbb8c88d038b/saree_sbs.png,tmp_test/keep_outfit/review_local_phase0_6a985f3f_0c3fbb8c88d038b/saree_out.png
6a985f5c_c53e2a7cf13a94be.png,phase0_6a985f5c_c53e2a7cf13a94b,hard,0.0336,0.0179,0.0488,0.0204,0.0,tmp_test/keep_outfit/review_local_phase0_6a985f5c_c53e2a7cf13a94b/saree_sbs.png,tmp_test/keep_outfit/review_local_phase0_6a985f5c_c53e2a7cf13a94b/saree_out.png
6a985f6e_f01fb5a4d4ea6910.png,phase0_6a985f6e_f01fb5a4d4ea691,hard,0.0043,0.0077,0.0006,0.0,0.0,tmp_test/keep_outfit/review_local_phase0_6a985f6e_f01fb5a4d4ea691/saree_sbs.png,tmp_test/keep_outfit/review_local_phase0_6a985f6e_f01fb5a4d4ea691/saree_out.png
6a985fb0_1d05ad86cb36603e.png,phase0_6a985fb0_1d05ad86cb36603,hard,0.0031,0.0119,0.0145,0.0018,0.0,tmp_test/keep_outfit/review_local_phase0_6a985fb0_1d05ad86cb36603/saree_sbs.png,tmp_test/keep_outfit/review_local_phase0_6a985fb0_1d05ad86cb36603/saree_out.png
6a985fd1_eb043c05196475cd.png,phase0_6a985fd1_eb043c05196475c,hard,0.0106,0.0056,0.0015,0.0,0.0,tmp_test/keep_outfit/review_local_phase0_6a985fd1_eb043c05196475c/saree_sbs.png,tmp_test/keep_outfit/review_local_phase0_6a985fd1_eb043c05196475c/saree_out.png
6a98622d_afb988211fa5f31f.png,phase0_6a98622d_afb988211fa5f31,hard,0.0195,0.0213,0.0194,0.0061,0.0,tmp_test/keep_outfit/review_local_phase0_6a98622d_afb988211fa5f31/saree_sbs.png,tmp_test/keep_outfit/review_local_phase0_6a98622d_afb988211fa5f31/saree_out.png
6a98626c_2720e2ed378a832a.png,phase0_6a98626c_2720e2ed378a832,hard,0.0014,0.0125,0.0042,0.0059,0.0,tmp_test/keep_outfit/review_local_phase0_6a98626c_2720e2ed378a832/saree_sbs.png,tmp_test/keep_outfit/review_local_phase0_6a98626c_2720e2ed378a832/saree_out.png
6a986297_1881ad167a021966.png,phase0_6a986297_1881ad167a02196,hard,0.0085,0.0074,0.0181,0.0,0.0,tmp_test/keep_outfit/review_local_phase0_6a986297_1881ad167a02196/saree_sbs.png,tmp_test/keep_outfit/review_local_phase0_6a986297_1881ad167a02196/saree_out.png
6a9862af_f76436790cc1488e.png,phase0_6a9862af_f76436790cc1488,hard,0.0334,0.006,0.0145,0.0,0.0,tmp_test/keep_outfit/review_local_phase0_6a9862af_f76436790cc1488/saree_sbs.png,tmp_test/keep_outfit/review_local_phase0_6a9862af_f76436790cc1488/saree_out.png
6a9862ce_2629ca01d4a98ae8.png,phase0_6a9862ce_2629ca01d4a98ae,reject,0.0802,0.0054,0.0132,0.0,0.0,tmp_test/keep_outfit/review_local_phase0_6a9862ce_2629ca01d4a98ae/saree_sbs.png,tmp_test/keep_outfit/review_local_phase0_6a9862ce_2629ca01d4a98ae/saree_out.png
6a9862d2_afea40a62095ee87.png,phase0_6a9862d2_afea40a62095ee8,hard,0.0177,0.0099,0.027,0.0,0.0,tmp_test/keep_outfit/review_local_phase0_6a9862d2_afea40a62095ee8/saree_sbs.png,tmp_test/keep_outfit/review_local_phase0_6a9862d2_afea40a62095ee8/saree_out.png
6a9862d6_e14320f3d3f9b56f.png,phase0_6a9862d6_e14320f3d3f9b56,hard,0.0138,0.019,0.0074,0.0,0.0,tmp_test/keep_outfit/review_local_phase0_6a9862d6_e14320f3d3f9b56/saree_sbs.png,tmp_test/keep_outfit/review_local_phase0_6a9862d6_e14320f3d3f9b56/saree_out.png
secret_media_22621_3f89e840862a3adb.png,phase0_secret_media_22621_3f89e,hard,0.0119,0.0193,0.0136,0.0,0.0,tmp_test/keep_outfit/review_local_phase0_secret_media_22621_3f89e/saree_sbs.png,tmp_test/keep_outfit/review_local_phase0_secret_media_22621_3f89e/saree_out.png
secret_photo_20797_65840c1e663b91d8.png,phase0_secret_photo_20797_65840,hard,0.0687,0.0068,0.0112,0.0,0.0,tmp_test/keep_outfit/review_local_phase0_secret_photo_20797_65840/saree_sbs.png,tmp_test/keep_outfit/review_local_phase0_secret_photo_20797_65840/saree_out.png
secret_photo_20833_5e9a51e2bd5c5258.png,phase0_secret_photo_20833_5e9a5,hard,0.0075,0.0047,0.0016,0.0,0.0,tmp_test/keep_outfit/review_local_phase0_secret_photo_20833_5e9a5/saree_sbs.png,tmp_test/keep_outfit/review_local_phase0_secret_photo_20833_5e9a5/saree_out.png
secret_photo_20927_a2fc6c01843d47b9.png,phase0_secret_photo_20927_a2fc6,hard,0.0087,0.027,0.0172,0.0004,0.0,tmp_test/keep_outfit/review_local_phase0_secret_photo_20927_a2fc6/saree_sbs.png,tmp_test/keep_outfit/review_local_phase0_secret_photo_20927_a2fc6/saree_out.png
secret_photo_21715_86472f82c44dad69.png,phase0_secret_photo_21715_86472,hard,0.0062,0.0033,0.0033,0.007,0.0,tmp_test/keep_outfit/review_local_phase0_secret_photo_21715_86472/saree_sbs.png,tmp_test/keep_outfit/review_local_phase0_secret_photo_21715_86472/saree_out.png
secret_photo_21831_29be71438f0a032a.png,phase0_secret_photo_21831_29be7,hard,0.0199,0.0099,0.017,0.0,0.0,tmp_test/keep_outfit/review_local_phase0_secret_photo_21831_29be7/saree_sbs.png,tmp_test/keep_outfit/review_local_phase0_secret_photo_21831_29be7/saree_out.png
secret_photo_21865_7df1b38134d675cf.png,phase0_secret_photo_21865_7df1b,hard,0.01,0.0083,0.0296,0.0097,0.0,tmp_test/keep_outfit/review_local_phase0_secret_photo_21865_7df1b/saree_sbs.png,tmp_test/keep_outfit/review_local_phase0_secret_photo_21865_7df1b/saree_out.png
secret_photo_22634_70b2db8a8b2f79bf.png,phase0_secret_photo_22634_70b2d,hard,0.0016,0.0062,0.0038,0.0146,0.0,tmp_test/keep_outfit/review_local_phase0_secret_photo_22634_70b2d/saree_sbs.png,tmp_test/keep_outfit/review_local_phase0_secret_photo_22634_70b2d/saree_out.png
secret_photo_22658_8701c9a2aff0ac9a.png,phase0_secret_photo_22658_8701c,hard,0.0176,0.0128,0.0135,0.0028,0.0,tmp_test/keep_outfit/review_local_phase0_secret_photo_22658_8701c/saree_sbs.png,tmp_test/keep_outfit/review_local_phase0_secret_photo_22658_8701c/saree_out.png
secret_photo_22670_39575486763c6cdd.png,phase0_secret_photo_22670_39575,hard,0.0139,0.0263,0.0286,0.0136,0.0,tmp_test/keep_outfit/review_local_phase0_secret_photo_22670_39575/saree_sbs.png,tmp_test/keep_outfit/review_local_phase0_secret_photo_22670_39575/saree_out.png
